<step title="Incoming Request" date="2025-07-31T16:05:16.471" instance="cb8d91" url="/api/publish?type=static&amp;path=/home/site/wwwroot/public/setup-db.php" method="POST" type="request" pid="770,1,17" Accept="*/*" Host="stms-app.scm.azurewebsites.net" User-Agent="AZURECLI/2.75.0 (MSI)" Accept-Encoding="gzip, deflate" Authorization="Bas..." Cache-Control="no-cache" Content-Type="application/octet-stream" Cookie="ARRAffinity=cb8d91c9d2a29a2894b5445bbfe9d306e91eb996b4b7cdada5ff30dc3f2bfdda; ARRAffinitySameSite=cb8d91c9d2a29a2894b5445bbfe9d306e91eb996b4b7cdada5ff30dc3f2bfdda" Content-Length="2237" x-ms-client-request-id="1fb1e8f3-6e28-11f0-a77e-d493900fb4f9" x-ms-artifact-checksum="069cebe92d4a409ab7d0e3d11f267fece7ebb3f03441250300efb926b7c6e20c" X-ARR-LOG-ID="1fb1e8f3-6e28-11f0-a77e-d493900fb4f9" CLIENT-IP="210.186.244.108:59529" X-SITE-DEPLOYMENT-ID="stms-app" WAS-DEFAULT-HOSTNAME="stms-app.scm.azurewebsites.net" X-Forwarded-Proto="https" X-AppService-Proto="https" X-Forwarded-TlsVersion="1.3" X-WAWS-Unencoded-URL="/api/publish?type=static&amp;path=/home/site/wwwroot/public/setup-db.php" X-Client-IP="210.186.244.108" X-Client-Port="59529" >
  <step title="OneDeploy" date="2025-07-31T16:05:16.601" >
    <step title="None repository commit" date="2025-07-31T16:05:16.621" >
      <step title="Commit id: d466d8be-f493-48b3-9f64-d6f211f2af80" date="2025-07-31T16:05:16.626" Message="N/A" AuthorName="N/A" AuthorEmail="N/A" /><!-- duration: 5ms -->
    </step><!-- duration: 15ms -->
    <step title="Starting PushDeployAsync" date="2025-07-31T16:05:16.641" /><!-- duration: 7ms -->
    <step title="Writing artifact to /tmp/zipdeploy/setup-db.php" date="2025-07-31T16:05:16.674" >
      <step title="Writing multipart request body to /tmp/zipdeploy/setup-db.php" date="2025-07-31T16:05:16.680" /><!-- duration: 9ms -->
    </step><!-- duration: 43ms -->
    <step title="Attempting to fetch target branch HEAD" date="2025-07-31T16:05:16.732" /><!-- duration: 5ms -->
    <step title="Acquiring Deployment Lock" date="2025-07-31T16:05:16.746" /><!-- duration: 5ms -->
    <step title="Acquired Deployment Lock" date="2025-07-31T16:05:16.810" /><!-- duration: 4ms -->
    <step title="Performing fetch based deployment" date="2025-07-31T16:05:16.828" >
      <step title="Creating temporary deployment" date="2025-07-31T16:05:16.836" /><!-- duration: 98ms -->
      <step title="Releasing Deployment Lock" date="2025-07-31T16:05:18.229" /><!-- duration: 10ms -->
      <step title="Moving /tmp/zipdeploy/extracted to /tmp/zipdeploy/extracted/setup-db.php" date="2025-07-31T16:05:18.277" /><!-- duration: 10ms -->
      <step title="None repository commit" date="2025-07-31T16:05:18.308" >
        <step title="Commit id: d466d8be-f493-48b3-9f64-d6f211f2af80" date="2025-07-31T16:05:18.318" Message="OneDeploy" AuthorName="N/A" AuthorEmail="N/A" /><!-- duration: 9ms -->
      </step><!-- duration: 29ms -->
      <step title="Deployment timer started" date="2025-07-31T16:05:20.349" >
        <step title="DeploymentManager.Deploy(id:d466d8be-f493-48b3-9f64-d6f211f2af80)" date="2025-07-31T16:05:20.360" >
          <step title="Collecting changeset information" date="2025-07-31T16:05:20.394" /><!-- duration: 247ms -->
          <step title="Updating submodules" date="2025-07-31T16:05:20.651" /><!-- duration: 1145ms -->
          <step title="Determining deployment builder" date="2025-07-31T16:05:22.050" >
            <step title="Builder is OneDeployBuilder" date="2025-07-31T16:05:22.073" /><!-- duration: 5ms -->
          </step><!-- duration: 37ms -->
          <step title="PreDeployment: context.CleanOutputPath False" date="2025-07-31T16:05:22.147" >
            <step title="PreDeployment: context.OutputPath /home/site/wwwroot/public" date="2025-07-31T16:05:22.296" >
              <step title="Building" date="2025-07-31T16:05:22.497" >
                <step title="Executing external process" date="2025-07-31T16:05:23.071" type="process" path="starter.sh" arguments="/opt/Kudu/Scripts/parallel_rsync.sh /tmp/zipdeploy/extracted /home/site/wwwroot/public 8 /tmp/ False False  " /><!-- duration: 1091ms -->
                <step title="Modified file to trigger a restart of the app container." date="2025-07-31T16:05:24.713" /><!-- duration: 5ms -->
                <step title="Skip function trigger and logicapp sync because function is not enabled." date="2025-07-31T16:05:24.732" /><!-- duration: 5ms -->
              </step><!-- duration: 2930ms -->
            </step><!-- duration: 3146ms -->
            <step title="Cleaning up temp files" date="2025-07-31T16:05:25.446" /><!-- duration: 8ms -->
            <step title="Cleaning up temp files" date="2025-07-31T16:05:25.459" /><!-- duration: 509ms -->
            <step title="Reloading status file with latest updates" date="2025-07-31T16:05:25.997" >
              <step title="WebHooksManager.PublishEventAsync: PostDeployment" date="2025-07-31T16:05:26.005" /><!-- duration: 95ms -->
            </step><!-- duration: 108ms -->
            <step title="Cleaning up temporary deployment - fetch deployment was successful" date="2025-07-31T16:05:26.116" /><!-- duration: 4ms -->
          </step><!-- duration: 4066ms -->
        </step><!-- duration: 5862ms -->
        <step title="Outgoing response" date="2025-07-31T16:05:26.243" type="response" statusCode="200" statusText="OK" /><!-- duration: 8ms -->
      </step><!-- duration: 5910ms -->
