﻿<?xml version="1.0" encoding="utf-8"?>
<deployment>
  <id>d466d8be-f493-48b3-9f64-d6f211f2af80</id>
  <author>N/A</author>
  <deployer>OneDeploy</deployer>
  <authorEmail>N/A</authorEmail>
  <message>OneDeploy</message>
  <progress></progress>
  <status>Success</status>
  <statusText></statusText>
  <lastSuccessEndTime>2025-07-31T16:05:25.161128Z</lastSuccessEndTime>
  <receivedTime>2025-07-31T16:05:20.569758Z</receivedTime>
  <startTime>2025-07-31T16:05:21.9764665Z</startTime>
  <endTime>2025-07-31T16:05:25.161128Z</endTime>
  <complete>True</complete>
  <is_temp>False</is_temp>
  <is_readonly>True</is_readonly>
  <buildSummary />
</deployment>